id,reeks,nr,naam,label_punt,status,status_bron,adres,adres_aanduiding,adres_aanduiding_bron,postcode,plaats,gemeente_bron,provincie_bron,provincie,mip,rijksmonument,gemeentelijk_monument,gemeentelijk_monument_bron,rijksmonumentnummer,rmon_bron,link,beschermd_deel,jaartal,jaartal_bron,circa,met,bijzonderheden,grootte_m2,grootte_bron,locatie_precisie,terrein_koppelwijze,terrein_naam_kml,terrein_opp_m2,lon,lat
jb-loc-2369,loc,2369,Joodse Begraafplaats,"Joodse begraafplaats, Almere",in_gebruik,In gebruik,Kruidenweg,,,1300 BA,Almere,Almere,Flevoland,Flevoland,False,False,False,Nee,,Geen,,,2004,2004,,False,Ingewijd in 2005,4875,4875,ingang,binnen_naam_gelijk,"Joodse begraafplaats, Almere",2854,5.1882218,52.3802297
jb-loc-2697,loc,2697,Joodse Begraafplaats,"Joodse begraafplaats, 's-Heerenberg",in_gebruik,In gebruik,Zeddamseweg 77,bij,bij,7041 CN,'s Heerenberg,Montferland,Gelderland,Gelderland,False,False,True,Ja,,Geen,,,1830,1830,,False,22 zerken,2260,2260,ingang,binnen_naam_gelijk,"Joodse begraafplaats, 's-Heerenberg",2275,6.2469632,51.8799375
jb-loc-2988,loc,2988,Joodse Begraafplaats,"Joodse begraafplaats, Aalten",in_gebruik,In gebruik,Haartsestraat 148,,,7121 CV,Aalten,Aalten,Gelderland,Gelderland,True,False,True,Ja,,Geen,,,1820,1820,,True,50 zerken,3600,3600,ingang,binnen_naam_gelijk,"Joodse begraafplaats, Aalten",3615,6.5988002,51.9251918
jb-ver-24,ver,24,Joodse begraafplaats op De Gelenberg,"Joodse begraafplaats, Afferden",verdwenen,verdwenen,De Gelenberg 2,bij,bij,6654 AZ,Afferden,Druten,Gelderland,Gelderland,,,,,,,,,1838,1838,,,"In 1961 overgebracht naar Nijmegen, nu voetbalveld",,,bij_benadering,niet_van_toepassing,,,5.6164692,51.881848
jb-loc-3191,loc,3191,Joodse Begraafplaats,"Joodse begraafplaats, Apeldoorn",in_gebruik,In gebruik,Arnhemseweg 217,,,7331 BA,Apeldoorn,Apeldoorn,Gelderland,Gelderland,False,False,False,Nee,,Geen,,,1892,1892,,True,361 zerken,7415,7415,ingang,binnen_naam_gelijk,"Joodse Begraafplaats, Apeldoorn",7444,5.9624922,52.1971999
jb-loc-2615,loc,2615,Joodse Begraafplaats Moscowa,"Joodse begraafplaats, Arnhem",in_gebruik,In gebruik,Weg langs de begraafplaatsen 2,,,6815 AZ,Arnhem,Arnhem,Gelderland,Gelderland,False,True,False,Nee,516727,516727,https://monumentenregister.cultureelerfgoed.nl/monumenten/516727,"Aula met bovenwoning, ommuring en begraafplaats",1866,1866,,True,ca. 1000 zerken,10650,10650,ingang,binnen_naam_gelijk,"Joodse begraafplaats, Arnhem",10693,5.9207213,52.0031926
jb-loc-2622,loc,2622,Joodse Begraafplaats Sandberg,"Joodse begraafplaats Onderlangs, Arnhem",in_gebruik,In gebruik,Utrechtseweg,,,6812 AB,Arnhem,Arnhem,Gelderland,Gelderland,False,False,False,Nee,,Geen,,,1755,1755,,False,5 zerken,45,45,ingang,binnen_naam_gelijk,"Joodse begraafplaats Onderlangs, Arnhem",42,5.8900059,51.9848898
jb-ver-59,ver,59,Joodse begraafplaats,"Joodse begraafplaats, Arnhem",verdwenen,Verdwenen,Talmaplein 14,achter,achter,6822 LK,Arnhem,Arnhem,Gelderland,Gelderland,,,,,,,,,1858,1858,,,"Tot 1863 gebruikt, in 1985 geruimd, overgebracht naar Moscowa",,,bij_benadering,niet_van_toepassing,,,5.9183263,51.9907314
jb-ver-369,ver,369,Nieuwe Joodse begraafplaats,"Nieuwe joodse begraafplaats, Arnhem",verdwenen,Verdwenen,Utrechtseweg 60,,,6811 LZ,Arnhem,Arnhem,Gelderland,Gelderland,,,,,,,,,1827,1827,,,"tot 1858 gebruik, resten overgebracht naar Moscowa",,,bij_benadering,niet_van_toepassing,,,5.8958109,51.9846465
jb-loc-295,loc,295,Joodse Begraafplaats,"Joodse begraafplaats, Asperen",in_gebruik,In gebruik,Oude Zuiderlingedijk (Appeldijkje),,,4147 BP,Asperen,West Betuwe,Gelderland,Gelderland,True,False,False,Nee,,Geen,,,1870,1870,,False,"1870-1911, 7 zerken",94,94,ingang,binnen_naam_gelijk,"Joodse begraafplaats, Asperen",95,5.1013313,51.8870673
jb-loc-3813,loc,3813,Joodse Begraafplaats,"Joodse begraafplaats, Barneveld",in_gebruik,In gebruik,Kallenbroekerweg 1,bij,bij,3771 DA,Barneveld,Barneveld,Gelderland,Gelderland,False,False,True,Ja,,Geen,,,1858,1858,,False,"1858-1922, 25 zerken",420,420,ingang,binnen_naam_gelijk,"Joodse begraafplaats, Barneveld",423,5.5779979,52.1409523
jb-loc-2054,loc,2054,Joodse Begraafplaats (privé),"Joodse begraafplaats, Beesd",in_gebruik,In gebruik,Parkweg 84,,,4153 XM,Beesd,West Betuwe,Gelderland,Gelderland,False,False,True,Ja,,Geen,,Begraafplaats,1898,1898,,False,"1898-1965, 12 stèles",170,170,ingang,binnen_naam_gelijk,"Joodse begraafplaats, Beesd",171,5.1888751,51.8985407
jb-loc-2756,loc,2756,Joodse Begraafplaats Deugenweerd,"Joodse begraafplaats, Borculo",in_gebruik,In gebruik,Van Coeverdenstraat 81a,,,7271 XV,Borculo,Berkelland,Gelderland,Gelderland,False,False,True,Ja,,Geen,,Begraafplaats,1820,1820,,True,122 zerken,1624,1624,ingang,binnen_naam_gelijk,"Joodse begraafplaats, Borculo",1630,6.5169233,52.1196391
jb-ver-284,ver,284,Oude Joodse begraafplaats,"Oude joodse begraafplaats, Borculo",verdwenen,Verdwenen,Lange Wal 20,,,7271 AN,Borculo,Berkelland,Gelderland,Gelderland,,,,,,,,,,onbekend,,,Na 1823 niet meer gebruikt,,,bij_benadering,niet_van_toepassing,,,6.5252978,52.11518
jb-loc-3204,loc,3204,Joodse Begraafplaats,"Joodse begraafplaats, Bredevoort",in_gebruik,In gebruik,Pr. Mauritsstraat 20,bij,bij,7126 AC,Bredevoort,Aalten,Gelderland,Gelderland,False,False,True,Ja,,Geen,,,1830,1830,,False,"1830-1938, 12 zerken",195,195,ingang,binnen_naam_gelijk,"Joodse begraafplaats, Bredevoort",196,6.6192306,51.9409842
jb-ver-512,ver,512,Oude Joodse begraafplaats,"Oude joodse begraafplaats, Bredevoort",verdwenen,Verdwenen,Hozenstraat 5,achter,achter,7126 BJ,Bredevoort,Aalten,Gelderland,Gelderland,,,,,,,,,,onbekend,,,"In 1953 verkocht tbv woning, resten overgebracht naar nieuwe",,,bij_benadering,niet_van_toepassing,,,6.619198,51.9436043
jb-loc-2341,loc,2341,Joodse Begraafplaats,"Joodse begraafplaats, Bronkhorst",in_gebruik,In gebruik,t Hof 7,bij,bij,7226 LG,Bronkhorst,Bronckhorst,Gelderland,Gelderland,False,True,False,Nee,34551,34551,https://monumentenregister.cultureelerfgoed.nl/monumenten/34551,Begraafplaats,1811,1811,,True,22 zerken 1859-1963,550,550,ingang,binnen_naam_gelijk,"Joodse begraafplaats, Bronkhorst",555,6.180778,52.0772155
jb-loc-1766,loc,1766,Joodse Begraafplaats naast Gemeentelijke Begraafplaats,"Joodse begraafplaats, Buren",in_gebruik,In gebruik,Plantsoen 2,bij,bij,4116 CB,Buren,Buren,Gelderland,Gelderland,False,False,False,Nee,,Geen,,,1845,1845,,False,10 zerken 1864-1896,580,580,ingang,binnen_naam_gelijk,"Joodse begraafplaats, Buren",585,5.3295907,51.9128786
jb-loc-160,loc,160,Oude Joodse Begraafplaats,"Oude joodse begraafplaats, Buren",in_gebruik,In gebruik,Aalsdijk,,,4116 BT,Buren,Buren,Gelderland,Gelderland,False,False,False,Nee,,Geen,,,1750,1750,Ja,False,Tot 1845 gebruikt,600,600,ingang,binnen_naam_gelijk,"Oude joodse begraafplaats, Buren",605,5.3402771,51.9150133
jb-loc-4231,loc,4231,Joodse Begraafplaats op Gemeentelijke Begraafplaats,"Joodse begraafplaats, Culemborg",in_gebruik,In gebruik,Achterweg 2,,,4101 NW,Culemborg,Culemborg,Gelderland,Gelderland,False,False,False,Nee,,Geen,,,1869,1869,,False,87 zerken,800,800,ingang,binnen_naam_gelijk,"Joodse begraafplaats, Culemborg",815,5.2323108,51.9626377
jb-ver-296,ver,296,Joodse begraafplaats,"Oude Joodse begraafplaats, Culemborg",verdwenen,Verdwenen,Westerwal 5a,,,4101 ES,Culemborg,Culemborg,Gelderland,Gelderland,,,,,,,,,1764,1764,,,"1764-1869, overbouwd",,,bij_benadering,niet_van_toepassing,,,5.22407,51.9532629
jb-loc-2330,loc,2330,Joodse Begraafplaats,"Joodse begraafplaats, Dieren",in_gebruik,In gebruik,Bernard Zweerslaan 1,,,6952 BM,Dieren,Rheden,Gelderland,Gelderland,True,False,True,Ja,,Geen,,Begraafplaats,1893,1893,,True,64 zerken 1894-1986,1080,1080,ingang,binnen_naam_gelijk,"Joodse begraafplaats, Dieren",1079,6.0920677,52.0472799
jb-loc-2717,loc,2717,Joodse Begraafplaats,"Joodse begraafplaats, Dinxperlo",in_gebruik,In gebruik,Meniststraat 2a,,,7091 ZZ,Dinxperlo,Aalten,Gelderland,Gelderland,True,False,True,Ja,,Geen,,,1880,1880,,False,25 zerken,740,740,ingang,binnen_naam_gelijk,"Joodse begraafplaats, Dinxperlo",742,6.4798123,51.8586689
jb-ver-677,ver,677,Joodse begraafplaats Ooipoortwal,"Joodse begraafplaats bij de Veerpoortwal, Doesburg",verdwenen,Verdwenen,Schout bij Nacht Doormansingel 6,bij,bij,6982 EA,Doesburg,Doesburg,Gelderland,Gelderland,,,,,,,,,1683,1683,,,"In 1952 geruimd, eerst overgebracht naar buiten de Meipoort, daarna naar Doetinchem",,,bij_benadering,niet_van_toepassing,,,6.1302768,52.0138671
jb-ver-676,ver,676,Joodse begraafplaats Veerpoortwal,"Joodse begraafplaats Ooipoortwal, Doesburg",verdwenen,Verdwenen,Veerpoortwal 12,bij,bij,6981 BS,Doesburg,Doesburg,Gelderland,Gelderland,,,,,,,,,1723,1723,,,"in 1952 geruimd, eerst overgebracht naar buiten de Meipoort, daarna naar Doetinchem",,,bij_benadering,niet_van_toepassing,,,6.1337221,52.0121786
jb-ver-678,ver,678,Joodse begraafplaats buiten de Meipoort,"Joodse begraafplaats buiten de Meipoort, Doesburg",verdwenen,Verdwenen,Julianastraat 25,bij,bij,6981 EM,Doesburg,Doesburg,Gelderland,Gelderland,,,,,,,,,1854,1854,,,In 1963 overgebracht naar Doetinchem,,,bij_benadering,niet_van_toepassing,,,6.1420678,52.0125523
jb-loc-2636,loc,2636,Joodse Begraafplaats,"Joodse begraafplaats, Doetinchem",in_gebruik,In gebruik,Borneostraat 1a,,,7009 ER,Doetinchem,Doetinchem,Gelderland,Gelderland,False,False,True,Ja,,Geen,,Begraafplaats,1770,1770,,True,"117 zerken, methaarhuisje uit 1982",5445,5445,ingang,binnen_naam_gelijk,"Joodse begraafplaats, Doetinchem",5465,6.2936256,51.9718935
jb-ver-306,ver,306,Joodse begraafplaats,"Joodse begraafplaats, Ede",verdwenen,Verdwenen,Maandereind,,,,Ede,Ede,Gelderland,Gelderland,,,,,,,,,1748,1748,,,"Gebruikt tot 1863, 1925-1930 verdwenen, nadien bebouwd",,,bij_benadering,niet_van_toepassing,,,5.6694613,52.0422837
jb-loc-2436,loc,2436,Joodse Begraafplaats,"Joodse begraafplaats, Eibergen",in_gebruik,In gebruik,Rekkense Binnenweg 2,bij,bij,7152 AN,Eibergen,Berkelland,Gelderland,Gelderland,True,False,True,Ja,,Geen,,Begraafplaats met metaheerhuisje,1845,1845,,True,51 zerken,1970,1970,ingang,binnen_naam_gelijk,"Joodse begraafplaats, Eibergen",1977,6.6542187,52.1063962
jb-loc-2936,loc,2936,Joodse Begraafplaats,"Joodse begraafplaats, Elburg",in_gebruik,In gebruik,Bas Backerlaan,,,8081 CE,Elburg,Elburg,Gelderland,Gelderland,False,False,False,Nee,,Geen,,,1764,1764,,False,108 zerken,575,575,ingang,binnen_naam_gelijk,"Joodse begraafplaats, Elburg",579,5.8378013,52.4486424
jb-loc-1764,loc,1764,Joodse Begraafplaats (privé),"Joodse begraafplaats, Geldermalsen",in_gebruik,In gebruik,Meersteeg 8,bij,bij,4191 NK,Geldermalsen,West Betuwe,Gelderland,Gelderland,False,False,True,Ja,,Geen,,,1885,1885,,True,7 zerken,600,600,ingang,binnen_naam_gelijk,"Joodse begraafplaats, Geldermalsen",598,5.3024452,51.8713575
jb-loc-2702,loc,2702,Joodse Begraafplaats,"Joodse begraafplaats, Gendringen",in_gebruik,In gebruik,Ulftseweg 27,,,7081 AA,Gendringen,Oude IJsselstreek,Gelderland,Gelderland,False,False,True,Ja,,Geen,,Begraafplaats,1840,1840,,False,33 zerken,1545,1545,ingang,binnen_naam_gelijk,"Joodse begraafplaats, Gendringen",1550,6.3859152,51.8782447
jb-loc-2763,loc,2763,Joodse Begraafplaats,"Joodse begraafplaats, Groenlo",in_gebruik,In gebruik,Nieuwestraat 31,,,7141 BX,Groenlo,Oost Gelre,Gelderland,Gelderland,False,True,False,Nee,18162,18162,https://monumentenregister.cultureelerfgoed.nl/monumenten/18162,Begraafplaats,1796,1796,,True,57 stéles,735,735,ingang,binnen_naam_gelijk,"Joodse begraafplaats, Groenlo",736,6.6164919,52.0447663
jb-loc-3417,loc,3417,Joodse Begraafplaats,"Joodse begraafplaats, Harderwijk",in_gebruik,In gebruik,Veldkamp,,,3843 BG,Harderwijk,Harderwijk,Gelderland,Gelderland,True,False,True,Ja,,Geen,,Begraafplaats,1764,1764,,False,66 zerken,1265,1265,ingang,binnen_naam_gelijk,"Joodse begraafplaats, Harderwijk",1268,5.628027,52.3330014
jb-loc-2728,loc,2728,Joodse Begraafplaats op Algemene Begraafplaats,"Joodse begraafplaats, Hattem",in_gebruik,In gebruik,Kerkhofdijk 2,,,8051 DE,Hattem,Hattem,Gelderland,Gelderland,False,False,False,Nee,,Geen,,,1885,1885,,False,"1885-1966, 28 zerken",420,420,ingang,binnen_naam_gelijk,"Joodse begraafplaats, Hattem",420,6.0759045,52.4692929
jb-loc-2701,loc,2701,Joodse Begraafplaats Wisch,"Joodse Begraafplaats Wisch, Heelweg",in_gebruik,In gebruik,Schippersweg 2,,,7055 BW,Heelweg,Oude IJsselstreek,Gelderland,Gelderland,False,False,False,Nee,,Geen,,,1855,1855,,False,12 zerken,650,650,ingang,binnen_naamvariant,"Joodse begraafplaats, Heelweg",651,6.4791819,51.9535659
jb-ver-528,ver,528,Joodse begraafplaats,"Joodse begraafplaats, Hengelo",verdwenen,Verdwenen,Kloosterweg,,,7255 NZ,Hengelo,Bronckhorst,Gelderland,Gelderland,,,,,,,,,1789,1789,,,Resten in 1965 overgebracht naar Zutphen,,,bij_benadering,niet_van_toepassing,,,6.3532742,52.0463614
jb-loc-1669,loc,1669,Joodse Begraafplaats op Algemene Begraafplaats,"Joodse begraafplaats, Herwijnen",in_gebruik,In gebruik,Peperstraat 2,bij,bij,4171 CL,Herwijnen,West Betuwe,Gelderland,Gelderland,False,False,False,Nee,,Geen,,,1870,1870,,True,8 stèles,78,78,ingang,nabij_naam_gelijk,"Joodse begraafplaats, Herwijnen",78,5.1340546,51.8197448
jb-loc-2752,loc,2752,Joodse Begraafplaats,"Joodse begraafplaats, Lochem",in_gebruik,In gebruik,Zutphenseweg 26,,,7241 KS,Lochem,Lochem,Gelderland,Gelderland,False,False,False,Nee,,Geen,,,1830,1830,,False,104 zerken,885,885,ingang,binnen_naam_gelijk,"Joodse begraafplaats, Lochem",889,6.4107159,52.1567114
jb-ver-628,ver,628,Oude Joodse begraafplaats,"Oude joodse begraafplaats, Lochem",verdwenen,Verdwenen,Westerwal 5,,,7241 BC,Lochem,Lochem,Gelderland,Gelderland,,,,,,,,,1785,1785,,,- 1848. 1955 geruimd. Bij oude synagoge. Nu deels bebouwd,,,bij_benadering,niet_van_toepassing,,,6.4130445,52.1610229
jb-loc-2323,loc,2323,De Korte Dood,"Joodse begraafplaats, Nijkerkerveen",in_gebruik,In gebruik,Oude Amersfoortseweg 6,bij,bij,3864 NB,Nijkerk,Nijkerk,Gelderland,Gelderland,False,False,True,Ja,,Geen,,,1760,1760,,False,168 zerken,1730,1730,ingang,binnen_naam_gelijk,"Joodse begraafplaats, Nijkerkerveen",1739,5.4697679,52.2065501
jb-ver-510,ver,510,Joodse begraafplaats,"Joodse begraafplaats, Nijkerk",verdwenen,verdwenen,Hoogstraat 27,,,3862 AK,Nijkerk,Nijkerk,Gelderland,Gelderland,,,,,,,,,,onbekend,,,Bebouwd,,,bij_benadering,niet_van_toepassing,,,5.4863313,52.2190905
jb-ver-509,ver,509,Portugees-Joodse begraafplaats,"Portugees-joodse begraafplaats, Nijkerk",verdwenen,Verdwenen,Hoogstraat 25,,,3862 AJ,Nijkerk,Nijkerk,Gelderland,Gelderland,,,,,,,,,,onbekend,,,Bebouwd,,,bij_benadering,niet_van_toepassing,,,5.4865008,52.2194585
jb-loc-4099,loc,4099,Huis der Levenden,"Joodse begraafplaats, Nijmegen",in_gebruik,In gebruik,Postweg 62,,,6523 LD,Nijmegen,Nijmegen,Gelderland,Gelderland,False,True,False,Nee,522935,522935,https://monumentenregister.cultureelerfgoed.nl/monumenten/522935,"Aanleg, aula, beheerderwoning, poort en muur",1890,1890,,True,239 zerken,3540,3540,ingang,binnen_naam_gelijk,"Joodse begraafplaats, Nijmegen",3554,5.8836385,51.8307766
jb-ver-75,ver,75,Oude Joodse begraafplaats,"Oude joodse begraafplaats, Nijmegen",verdwenen,Verdwenen,Arsenaalgas 7,bij,bij,6511 PB,Nijmegen,Nijmegen,Gelderland,Gelderland,,,,,,,,,1683,1683,,,"1683-1961, Laatste begraving 1890, nu parkeergarage",,,bij_benadering,niet_van_toepassing,,,5.8661879,51.8445214
jb-loc-2817,loc,2817,Joodse Begraafplaats Terborg (1),"Oude joodse begraafplaats, Terborg",in_gebruik,In gebruik,Silvoldseweg 17a,,,7061 DS,Terborg,Oude IJsselstreek,Gelderland,Gelderland,False,True,False,Nee,515462,515462,https://monumentenregister.cultureelerfgoed.nl/monumenten/515462,Begraafplaats,1850,1850,,False,26 zerken,215,215,ingang,binnen_naam_gelijk,"Oude joodse begraafplaats, Terborg",217,6.3636876,51.9207052
jb-loc-2716,loc,2716,Joodse Begraafplaats Terborg (2),"Nieuwe Joodse begraafplaats, Terborg",in_gebruik,In gebruik,Silvoldseweg 64,,,7061 DR,Terborg,Oude IJsselstreek,Gelderland,Gelderland,False,False,True,Ja,,Geen,,,1929,1929,,True,ca. 14 zerken,1675,1675,ingang,binnen_naam_gelijk,"Nieuwe joodse begraafplaats, Terborg",1680,6.3721586,51.9174335
jb-loc-1868,loc,1868,Joodse Begraafplaats,"Joodse begraafplaats, Tiel",in_gebruik,In gebruik,Voor de Kijkuit 7,,,4001 HG,Tiel,Tiel,Gelderland,Gelderland,False,True,False,Nee,520650,520650,https://monumentenregister.cultureelerfgoed.nl/monumenten/520650,"Begraafplaats, methaarhuisje en toegangshek",1827,1827,,True,199 zerken,1100,1100,ingang,binnen_naam_gelijk,"Joodse begraafplaats, Tiel",1105,5.4314355,51.8911893
jb-loc-2745,loc,2745,Joodse Begraafplaats,"Joodse begraafplaats, Vorden",in_gebruik,In gebruik,Kamphuizerweg,,,7251 KB,Vorden,Bronckhorst,Gelderland,Gelderland,False,False,False,Nee,,Geen,,,1870,1870,,False,14 zerken,1050,1050,ingang,binnen_naam_gelijk,"Joodse begraafplaats, Vorden",1056,6.3548476,52.1144238
jb-loc-3992,loc,3992,Joodse Begraafplaats Lichtenvoorde,"Joodse begraafplaats Lichtenvoorde, Vragender",in_gebruik,In gebruik,Kerkdijk 6,bij,bij,7134 NL,Vragender,Oost Gelre,Gelderland,Gelderland,False,False,False,Nee,,Geen,,,1820,1820,Ja,False,geen zerken meer,1100,1100,ingang,binnen_naamvariant,"Joodse begraafplaats, Vragender",1150,6.5949428,51.9774713
jb-loc-2887,loc,2887,Joodse Begraafplaats,"Nieuwe Joodse begraafplaats, Wageningen",in_gebruik,In gebruik,Oude Diedenweg 64,,,6704 AD,Wageningen,Wageningen,Gelderland,Gelderland,False,False,False,Nee,,Geen,,,1913,1913,,False,232 zerken,2200,2200,ingang,binnen_naam_gelijk,"Nieuwe joodse begraafplaats, Wageningen",2202,5.6821885,51.9851963
jb-loc-4219,loc,4219,Joodse Begraafplaats,"Oude Joodse begraafplaats, Wageningen",in_gebruik,In gebruik,Gen Foulkesweg 14,achter,achter,6703 BR,Wageningen,Wageningen,Gelderland,Gelderland,False,True,False,Nee,38211,38211,https://monumentenregister.cultureelerfgoed.nl/monumenten/38211,Begraafplaats,1668,1668,,False,"1668-1929, 40 zerken (Kerkhofpad)",1130,1130,ingang,binnen_naamvariant,"Joodse begraafplaats, Wageningen",1133,5.6695315,51.9668615
jb-loc-2792,loc,2792,Nieuwe Israelitische Begraafplaats,"Nieuwe Isr. begraafplaats, Winterswijk",in_gebruik,In gebruik,Misterweg 144,,,7102 BD,Winterswijk,Winterswijk,Gelderland,Gelderland,False,True,False,Nee,523430,523430,https://monumentenregister.cultureelerfgoed.nl/monumenten/523430,Begraafplaats en metaarhuisje,1884,1884,,True,80 zerken,1540,1540,ingang,binnen_naam_gelijk,"Nieuwe Isr. Begraafplaats, Winterswijk",1548,6.7019418,51.9672741
jb-loc-2826,loc,2826,Oude Israelitische Begraafplaats,"Oude Isr. Begraafplaats, Winterswijk",in_gebruik,In gebruik,Spoorstraat 43,,,7101 GP,Winterswijk,Winterswijk,Gelderland,Gelderland,False,True,False,Nee,523457,523457,https://monumentenregister.cultureelerfgoed.nl/monumenten/523457,Begraafplaats,1647,1647,,False,"1817-1884, 8 zerken",700,700,ingang,binnen_naam_gelijk,"Oude Isr. Begraafplaats, Winterswijk",709,6.7172665,51.9684947
jb-loc-2623,loc,2623,Joodse Begraafplaats Bossche Poort,"Joodse begraafplaats Bossche Poort, Zaltbommel",in_gebruik,In gebruik,Boschstraat 94,bij,bij,5301 TC,Zaltbommel,Zaltbommel,Gelderland,Gelderland,False,False,False,Nee,,Geen,,,1823,1823,,False,,330,330,ingang,nabij_naam_gelijk,"Joodse begraafplaats Bossche Poort, Zaltbommel",335,5.2511128,51.8101795
jb-loc-2602,loc,2602,Joodse Begraafplaats aan de Oliemolen,"Joodse begraafplaats a/d Oliemolen, Zaltbommel",in_gebruik,In gebruik,Oliemolen 3,bij,bij,5301 BH,Zaltbommel,Zaltbommel,Gelderland,Gelderland,False,True,False,Nee,40282,40282,https://monumentenregister.cultureelerfgoed.nl/monumenten/40282,Begraafplaats,1785,1785,,False,"1785-1823, 10 zerken",550,550,ingang,binnen_naam_gelijk,"Joodse begraafplaats a/d Oliemolen, Zaltbommel",526,5.2461549,51.8105014
jb-loc-369,loc,369,Joodse Grafheuvel,"Joodse grafheuvel, Zaltbommel",in_gebruik,In gebruik,Oliemolen (singelwal),,,5301 BH,Zaltbommel,Zaltbommel,Gelderland,Gelderland,False,False,False,Nee,,Geen,,,1748,1748,,False,geen stèles meer,240,240,ingang,binnen_naam_gelijk,"Joodse grafheuvel, Zaltbommel",241,5.2474516,51.8103614
jb-loc-1979,loc,1979,Nieuwe Joodse Begraafplaats,"Nieuwe Joodse begraafplaats, Zaltbommel",in_gebruik,In gebruik,Maarten van Rossemsingel 47,bij,bij,5301 HA,Zaltbommel,Zaltbommel,Gelderland,Gelderland,True,False,False,Nee,,Geen,,,1902,1902,,False,61 zerken,620,620,ingang,binnen_naam_gelijk,"Nieuwe joodse begraafplaats, Zaltbommel",620,5.2468994,51.808448
jb-ver-488,ver,488,Joodse begraafplaats,"Joodse begraafplaats, Zevenaar",verdwenen,Verdwenen,Arnhemseweg 4,bij,bij,6901 DW,Zevenaar,Zevenaar,Gelderland,Gelderland,,,,,,,,,1640,1640,,,,,,bij_benadering,niet_van_toepassing,,,6.0748722,51.9286305
jb-loc-2563,loc,2563,Nieuwe Joodse Begraafplaats,"Nieuwe Joodse begraafplaats, Zevenaar",in_gebruik,In gebruik,Arnhemseweg 62,,,6901 DX,Zevenaar,Zevenaar,Gelderland,Gelderland,False,False,False,Nee,,Geen,,,1891,1891,,False,44 zerken,1480,1480,ingang,binnen_naam_gelijk,"Nieuwe joodse begraafplaats, Zevenaar",1487,6.0703422,51.9308023
jb-loc-2438,loc,2438,Oude Joodse Begraafplaats,"Oude Joodse begraafplaats, Zevenaar",in_gebruik,In gebruik,Jacques Perkstraat 2,bij,bij,6901 LK,Zevenaar,Zevenaar,Gelderland,Gelderland,False,False,False,Nee,,Geen,,,1861,1861,,False,13 zerken,200,200,ingang,binnen_naam_gelijk,"Oude joodse begraafplaats, Zevenaar",197,6.0824408,51.9310337
jb-loc-3210,loc,3210,Joodse Begraafplaats,"Joodse begraafplaats, Zutphen",in_gebruik,In gebruik,Meijer Groenpad 1,,,7204 LB,Zutphen,Zutphen,Gelderland,Gelderland,False,True,False,Nee,523405,523405,https://monumentenregister.cultureelerfgoed.nl/monumenten/523405,"Begraafplaats, uitgezonder poortgebouw",1797,1797,,True,"389 zerken, lit.",4975,4975,ingang,binnen_naam_gelijk,"Joodse begraafplaats, Zutphen",4994,6.204934,52.1296905
jb-loc-2923,loc,2923,Joodse Begraafplaats,"Joodse begraafplaats, Alkmaar",in_gebruik,In gebruik,Westerweg 107,,,1815 JH,Alkmaar,Alkmaar,Noord-Holland,Noord-Holland,False,True,False,Nee,524892,524892,https://monumentenregister.cultureelerfgoed.nl/complexen/524892,"Begraafplaats, methaarhuisje en toegangshek",1747,1747,,True,"323 nieuwe deel, 15 oude deel",4150,4150,ingang,binnen_naam_gelijk,"Joodse begraafplaats, Alkmaar",4166,4.7283344,52.6253602
jb-loc-2982,loc,2982,Liberaal Joodse Begraafplaats,"Liberale Joodse begraafplaats, Amstelveen",in_gebruik,In gebruik,Saskia van Uylenburgweg 4,,,1183 DK,Amstelveen,Amstelveen,Noord-Holland,Noord-Holland,False,False,False,Nee,,Geen,,,2002,2002,,True,,14000,14000,ingang,binnen_naam_gelijk,"Liberale Joodse begraafplaats, Amstelveen",14032,4.8861117,52.3172095
jb-loc-1437,loc,1437,Joodse Begraafplaats Zeeburg,"Joodse begraafplaats Zeeburg, Amsterdam",in_gebruik,In gebruik,Valentijnkade,bij,bij,1095 JL,Amsterdam,Amsterdam,Noord-Holland,Noord-Holland,False,False,True,Ja,,Geen,,Begraafplaats,1714,1714,,False,1714-1942. Onderdeel Flevopark,81900,81900,ingang,binnen_naam_gelijk,"Joodse begraafplaats Zeeburg, Amsterdam",80536,4.947261,52.3614684
jb-ver-896,ver,896,Joodse Begraafplaats,"Joodse begraafplaats, Beverwijk",verdwenen,Verdwenen,Kuikensweg 147,tegenover,to,1945 EJ,Beverwijk,Beverwijk,Noord-Holland,Noord-Holland,False,False,False,Nee,,Geen,,,1809,1809,,False,"1809-1943. in 1950 geruimd, resten overgebracht naar Duinhof",1160,1160,bij_benadering,niet_van_toepassing,,,4.6564247,52.4971204
jb-loc-2804,loc,2804,Joodse Begraafplaats op Algemene Begraafplaats Duinrust,"Joodse begraafplaats, Beverwijk",in_gebruik,In gebruik,Bankenlaan 174,bij,bij,1943 NW,Beverwijk,Beverwijk,Noord-Holland,Noord-Holland,False,False,False,Nee,,Geen,,,1950,1950,,False,45 zerken,870,870,ingang,binnen_naam_gelijk,"Joodse begraafplaats, Beverwijk",137,4.6347182,52.4931832
jb-loc-2801,loc,2801,Joodse Begraafplaats Psychiatrisch ziekenhuis,"Begraafplaats Psychiatrisch Ziekenhuis, Bloemendaal",in_gebruik,In gebruik,Duinvoetlaantje,,,2081 CK,Bloemendaal,Bloemendaal,Noord-Holland,Noord-Holland,False,False,True,Ja,,Geen,,Begraafplaats,1891,1891,,False,3 stèles,76,76,ingang,binnen_naamvariant,"Joodse begraafplaats Psych ziekenhuis, Bloemendaal",76,4.6156929,52.4177879
jb-loc-1503,loc,1503,Joodse Begraafplaats op Algemene Begraafplaats Naarden,"Joodse begraafplaats, Naarden",in_gebruik,In gebruik,Brediusweg/Amersfoortseweg,,,1401 AD,Bussum,Gooise Meren,Noord-Holland,Noord-Holland,False,True,False,Nee,513219,513219,https://monumentenregister.cultureelerfgoed.nl/monumenten/513219,"Baarhuisje, hek, 2 houten grafmonumenten",1830,1830,,True,200 zerken,1800,1800,ingang,binnen_naam_gelijk,"Joodse begraafplaats, Naarden",1876,5.178345,52.2821138
jb-loc-1366,loc,1366,Joodse Begraafplaats op Algemene Begraafplaats,"Joodse begraafplaats, Den Helder",in_gebruik,In gebruik,Kerkhoflaan 2,,,1783 AV,Den Helder,Den Helder,Noord-Holland,Noord-Holland,True,False,False,Nee,,Geen,,,1827,1827,,True,300 zerken,1580,1580,ingang,binnen_naam_gelijk,"Joodse begraafplaats, Den Helder",1584,4.736322,52.9504663
jb-loc-1381,loc,1381,Israëlitische Begraafplaats Amsterdam,"Joodse begraafplaats, Diemen",in_gebruik,In gebruik,Ouddiemerlaan 146,,,1111 HN,Diemen,Diemen,Noord-Holland,Noord-Holland,False,True,False,Nee,509013,509013,https://monumentenregister.cultureelerfgoed.nl/monumenten/509013,"Woning, restant oorspr. bidlokaal, metaarhuisje en aanleg",1914,1914,,True,tienduizenden stèles,71400,71400,ingang,binnen_naamvariant,"Joodse begraafplaats A'dam, Diemen",71676,4.9705716,52.3448379
jb-loc-2785,loc,2785,Joodse Begraafplaats,"Joodse begraafplaats, Edam",in_gebruik,In gebruik,Oorgat 112,bij,bij,1135 CT,Edam,Edam-Volendam,Noord-Holland,Noord-Holland,False,False,True,Ja,,Geen,,,1793,1793,,False,"1793-1943, 14 zerken",370,370,ingang,binnen_naam_gelijk,"Joodse begraafplaats, Edam",372,5.0584835,52.5139342
jb-loc-2781,loc,2781,Joodse Begraafplaats,"Joodse begraafplaats, Enkhuizen",in_gebruik,In gebruik,Oranjestraat 20,achter,achter,1601 BD,Enkhuizen,Enkhuizen,Noord-Holland,Noord-Holland,False,False,False,Nee,,Geen,,,1738,1738,,True,30 stèles,740,740,ingang,binnen_naam_gelijk,"Joodse begraafplaats, Enkhuizen",744,5.2778646,52.7000196
jb-ver-395,ver,395,Portugees Israëlitische Begraafplaats,"Portugees-Joodse begraafplaats, Groet",verdwenen,Verdwenen,Roode Leeuw 54,bij,bij,1871 AZ,Groet,Bergen (NH),Noord-Holland,Noord-Holland,,,False,Geen,,geen,,,1602,1602,,,"1602-1634 geen zerken, resten overgebracht naar Ouderkerk",,,bij_benadering,niet_van_toepassing,,,4.6909352,52.7023944
jb-loc-2805,loc,2805,Israëlitische Begraafplaats Haarlemmerliede,"Nieuwe joodse begraafplaats, Haarlem",in_gebruik,In gebruik,Amsterdamsevaart 280,,,2033 AA,Haarlem,Haarlem,Noord-Holland,Noord-Holland,True,False,True,Ja,,Geen,,Begraafplaats,1887,1887,,True,ca 800 zerken,3690,3690,ingang,binnen_naam_gelijk,"Nieuwe Joodse begraafplaats, Haarlem",3703,4.666763,52.3814132
jb-loc-1361,loc,1361,Joods begraafplaats op gemeentelijke begraafplaats Kleverlaan,"Joodse begraafplaats Kleverlaan, Haarlem",in_gebruik,In gebruik,Kleverlaan 1,,,2023 JC,Haarlem,Haarlem,Noord-Holland,Noord-Holland,False,True,False,Nee,513294,513294,https://monumentenregister.cultureelerfgoed.nl/monumenten/513294,Begraafplaats,1833,1833,,True,"1833-1915, 150 zerken. 1969 gesloten",1190,1190,ingang,binnen_naam_gelijk,"Joodse begraafplaats Kleverlaan, Haarlem",1198,4.6399623,52.3956746
jb-ver-98,ver,98,Oude Joodse begraafplaats,"Oude joodse begraafplaats, Haarlem",verdwenen,Verdwenen,Kennemerplein,,,,Haarlem,Haarlem,Noord-Holland,Noord-Holland,,,,,,,,,1770,1770,,,"1770-1833, 1960 geruimd",,,bij_benadering,niet_van_toepassing,,,4.6396503,52.3893566
jb-loc-1635,loc,1635,Nederlands Israëlitische Begraafplaats,"Joodse begraafplaats, Hilversum",in_gebruik,In gebruik,Vreelandseweg 1,,,1216 CG,Hilversum,Hilversum,Noord-Holland,Noord-Holland,False,False,True,Ja,,Geen,,Begraafplaats en doodgraverswoning,1864,1864,,True,"ca 600, oude gedeelte geruimd. Met overbrengers van oude begraafplaats",4100,4100,ingang,binnen_naam_gelijk,"Joodse begraafplaats, Hilversum",4113,5.1511281,52.220027
jb-ver-874,ver,874,Oude Joodse begraafplaats,"Oude joodse begraafplaats, Hilversum",verdwenen,Verdwenen,Nieuwe Havenweg 5,,,1216 BG,Hilversum,Hilversum,Noord-Holland,Noord-Holland,,,,,,,,,1751,1751,,,"1751-1863, haventerrein, later bebouwd",,,bij_benadering,niet_van_toepassing,,,5.1491461,52.2232711
jb-loc-1394,loc,1394,Gan Hasjalom,"Gan Hasjalom, Hoofddorp",in_gebruik,In gebruik,Hoofdweg 395,,,2131 MS,Hoofddorp,Haarlemmermeer,Noord-Holland,Noord-Holland,False,False,False,Nee,,Geen,,,1931,1931,,False,"ca 700 zerken, Bomen omgezaagd i.v.m. aanleg Schipholbaan",11000,11000,ingang,binnen_naam_gelijk,"Gan Hasjalom, Hoofddorp",10957,4.7154746,52.3283295
jb-loc-2849,loc,2849,Joodse Begraafplaats op Algemene Begraafplaats,"Joodse begraafplaats, Hoorn",in_gebruik,In gebruik,Berkhouterweg 26,,,1624 MA,Hoorn,Hoorn,Noord-Holland,Noord-Holland,True,False,True,Ja,,Geen,,Begraafplaats,1969,1969,,False,228 zerken overgebracht!,400,400,ingang,binnen_naam_gelijk,"Joodse begraafplaats, Hoorn",402,5.0379286,52.6469239
jb-ver-168,ver,168,Joodse begraafplaats,"Joodse begraafplaats, Hoorn",verdwenen,Verdwenen,De Weel 6,bij,bij,1622 AD,Hoorn,Hoorn,Noord-Holland,Noord-Holland,,,False,Geen,,geen,,,1762,1762,,,"1762-1970, weg overheen aangelegd",,,bij_benadering,niet_van_toepassing,,,5.0507372,52.6439223
jb-loc-3159,loc,3159,Joodse Begraafplaats,"Joodse begraafplaats, Kortenhoef",in_gebruik,In gebruik,Koninginneweg 74,bij,bij,1241 CW,Kortenhoef,Wijdemeren,Noord-Holland,Noord-Holland,True,False,True,Ja,,Geen,,Begraafplaats,1859,1859,,True,"1859-1940, 10 zerken",135,135,ingang,binnen_naam_gelijk,"Joodse begraafplaats, Kortenhoef",135,5.1195789,52.2454042
jb-loc-1370,loc,1370,Joodse Begraafplaats,"Joodse begraafplaats, Medemblik",in_gebruik,In gebruik,Oude Haven 24,bij,bij,1671 CT,Medemblik,Medemblik,Noord-Holland,Noord-Holland,True,False,False,Nee,,Geen,,,1790,1790,,False,"33 zerken, in 1940 voor het laatst begraven. Ligt op hoek Bangert",410,410,ingang,binnen_naam_gelijk,"Joodse begraafplaats, Medemblik",412,5.1076329,52.773558
jb-loc-2523,loc,2523,Joodse Begraafplaats,"Joodse begraafplaats, Monnickendam",in_gebruik,In gebruik,Niesenoortsburgwal 38,tegenover,tegenover,1141 VN,Monnickendam,Waterland,Noord-Holland,Noord-Holland,True,False,False,Nee,,Geen,,,1677,1677,,False,36 zerken,660,660,ingang,nabij_naam_gelijk,"Joodse begraafplaats, Monnickendam",669,5.0388433,52.4572114
jb-loc-3369,loc,3369,Israelitische Begraafplaats Amsterdam,"Joodse begraafplaats, Muiderberg",in_gebruik,In gebruik,Googweg 6,,,1399 PJ,Muiderberg,Gooise Meren,Noord-Holland,Noord-Holland,False,True,False,Nee,511938,511938,https://monumentenregister.cultureelerfgoed.nl/complexen/511938,"Begraafplaats, Aula en metaheerhuisje",1642,1642,,True,tienduizenden zerken,140000,140000,ingang,binnen_naamvariant,"Joodse begraafplaats A'dam, Muiderberg",140301,5.10835,52.3261605
jb-ver-895,ver,895,Oude Joodse begraafplaats,"Oude Joodse begraafplaats, Naarden",verdwenen,Verdwenen,Oostwalstraat 4,bij,bij,1411 RM,Naarden,Gooise Meren,Noord-Holland,Noord-Holland,,False,False,geen,,,,,1825,1825,,False,Begin 20ste eeuw bebouwd,,,bij_benadering,niet_van_toepassing,,,5.1659428,52.2974115
jb-loc-1439,loc,1439,Portugees Isr. begraafplaats Beth Haim,"Portugees-Joodse begraafplaats, Ouderkerk aan de Amstel",in_gebruik,In gebruik,Kerkstraat 7,,,1191 JB,Ouderkerk aan de Amstel,Ouder-Amstel,Noord-Holland,Noord-Holland,False,True,False,Nee,31967,31967,https://monumentenregister.cultureelerfgoed.nl/monumenten/31967,"Begraafplaats, beheerderswoning",1614,1614,,True,ca 6000 zerken,40000,40000,ingang,binnen_naamvariant,"Beth Haim, Ouderkerk aan de Amstel",39873,4.9051102,52.2953118
jb-loc-4201,loc,4201,Joodse Begraafplaats,"Joodse begraafplaats, Overveen",in_gebruik,In gebruik,Tetterodeweg 15,,,2051 EG,Overveen,Bloemendaal,Noord-Holland,Noord-Holland,False,True,False,Nee,526405,526405,https://monumentenregister.cultureelerfgoed.nl/monumenten/526405,Begraafplaats met ommuring,1797,1797,,True,135 zerken/odh gem Bloemendaal,2200,2200,ingang,binnen_naam_gelijk,"Joodse begraafplaats, Overveen",2185,4.5997724,52.3914849
jb-loc-1648,loc,1648,Joodse Begraafplaats,"Joodse begraafplaats, Zaandam",in_gebruik,In gebruik,Westzanerdijk 312,bij,bij,1507 AP,Zaandam,Zaanstad,Noord-Holland,Noord-Holland,True,False,False,Nee,,Geen,,,1887,1887,,True,60 zerken,630,630,ingang,binnen_naam_gelijk,"Joodse begraafplaats, Zaandam",633,4.7994219,52.4319841
jb-loc-1459,loc,1459,Nieuwe Israelitische Begraafplaats,"Nieuw Joodse begraafplaats, Amersfoort",in_gebruik,In gebruik,Soesterweg 126,,,3812 BD,Amersfoort,Amersfoort,Utrecht,Utrecht,False,True,False,Nee,517678,517678,https://monumentenregister.cultureelerfgoed.nl/monumenten/517678,"Poortgebouw, beheerderswoning, zerken",1873,1873,,True,500 zerken,2695,2695,ingang,binnen_naamvariant,"Nieuwe joodse begraafplaats, Amersfoort",2706,5.3698673,52.1566943
jb-loc-1458,loc,1458,Oude Israëlitische begraafplaats,"Oud Joodse begraafplaats, Amersfoort",in_gebruik,In gebruik,Bloemendalsestraat,,,3811 ES,Amersfoort,Amersfoort,Utrecht,Utrecht,True,False,False,Nee,,Geen,,,1700,1700,,False,"1750-1880, 150 zerken",2100,2100,ingang,binnen_naamvariant,"Oude joodse begraafplaats, Amersfoort",2117,5.3896718,52.1601392
jb-loc-2443,loc,2443,Portugees-Joodse Begraafplaats,"Portugees-Joodse begraafplaats, Amersfoort",in_gebruik,In gebruik,Bloemendalsestraat,,,3811 ES,Amersfoort,Amersfoort,Utrecht,Utrecht,False,False,False,Nee,,Geen,,,1670,1670,,False,"halve grafsteen, rest is overgebracht naar de overkant",150,150,ingang,binnen_naam_gelijk,"Portugees Joodse begraafplaats, Amersfoort",152,5.3900699,52.1604282
jb-loc-4368,loc,4368,Progressieve joodse begraafplaats,"Joodse begraafplaats, Bilthoven",in_gebruik,In gebruik,1e Brandenburgerweg 38,,,3721 MJ,Bilthoven,De Bilt,Utrecht,Utrecht,False,False,False,Nee,,Geen,,,2024,2024,,False,,300,300,ingang,geen_terrein_bevestigd,,,5.1886787,52.1171137
jb-ver-491,ver,491,Joodse begraafplaats,"Joodse begraafplaats, De Bilt",verdwenen,Verdwenen,De Kwinkelier 30,,,3722 AR,De Bilt,De Bilt,Utrecht,Utrecht,,,,,,,,,1797,1797,,,"- 1807, verder gegaan in Utrecht, nu winkelcentrum",,,bij_benadering,niet_van_toepassing,,,5.2098476,52.1283342
jb-loc-239,loc,239,Joods deel achter de Algemene begraafplaats,"Joods deel achter de alg. begraafplaats, Leerdam",in_gebruik,In gebruik,Lingedijk 34,,,4142 LD,Leerdam,Vijfheerenlanden,Utrecht,Utrecht,False,False,False,Nee,,Geen,,,1832,1832,,False,Aangelegd achter de oorspronkelijke begraafplaats,40,40,ingang,binnen_naam_gelijk,"Joods deel achter de alg. begraafplaats, Leerdam",37,5.083136,51.8814605
jb-loc-366,loc,366,Joodse Begraafplaats op Algemene Begraafplaats,"Joodse begraafplaats, Leerdam",in_gebruik,In gebruik,Lingedijk 34,,,4142 LD,Leerdam,Vijfheerenlanden,Utrecht,Utrecht,False,True,False,Nee,514992,514992,https://monumentenregister.cultureelerfgoed.nl/monumenten/514992,Onderdeel,1854,1854,,False,"Aangelegd als onderdeel van Algemene begraafplaats Leerdam, 33 zerken",270,270,ingang,binnen_naam_gelijk,"Joodse begraafplaats, Leerdam",272,5.0840322,51.8808774
jb-ver-498,ver,498,Joodse begraafplaats,"Joodse begraafplaats, Leerdam",verdwenen,Verdwenen,Oranje Nassaulaan 1,,,4141 CR,Leerdam,Vijfheerenlanden,Utrecht,Utrecht,,,,,,,,,1767,1767,,,"Bebouwd, resten overgebracht naar voorste begraafplaats op Dijk (opgehoogd)",,,bij_benadering,niet_van_toepassing,,,5.0965617,51.8907765
jb-ver-774,ver,774,Oude Joodse begraafplaats,"Oude Joodse begraafplaats, Leerdam",verdwenen,Verdwenen,Recht van Ter Lede 11,,,4143 LN,Leerdam,Vijfheerenlanden,Utrecht,Utrecht,,,,,,,,,,onbekend,,,,,,bij_benadering,niet_van_toepassing,,,5.0806311,51.8990554
jb-loc-1643,loc,1643,Joodse Begraafplaats Tienhoven,"Joodse begraafplaats, Maarssen",in_gebruik,In gebruik,Machinekade,,,3601 AS,Maarssen,Stichtse Vecht,Utrecht,Utrecht,True,False,True,Ja,,Geen,,Begraafplaats,1749,1749,,False,3 stenen,550,550,ingang,binnen_naamvariant,Joods Maarssen,551,5.0459287,52.1563514
jb-loc-1448,loc,1448,Joodse Begraafplaats,"Joodse begraafplaats, Rhenen",in_gebruik,In gebruik,Lupinestraat,,,3911 ZJ,Rhenen,Rhenen,Utrecht,Utrecht,True,False,True,Ja,,Geen,,Begraafplaats,1891,1891,,False,3 stenen,370,370,ingang,binnen_naam_gelijk,"Joodse begraafplaats, Rhenen",372,5.5721317,51.9660573
jb-loc-1854,loc,1854,Joodse Begraafplaats aan de Vecht,"Joodse begraafplaats, Utrecht",in_gebruik,In gebruik,Zandpad 3,,,3552 TJ,Utrecht,Utrecht,Utrecht,Utrecht,False,True,False,Nee,514446,514446,https://monumentenregister.cultureelerfgoed.nl/complexen/514446,"Poortgebouw, baarhuisje en aanleg",1807,1807,,True,ca 375 zerken,5330,5330,ingang,binnen_naam_gelijk,"Joodse begraafplaats, Utrecht",5352,5.1058909,52.1095755
jb-loc-4171,loc,4171,Joodse Begraafplaats,"Joodse begraafplaats, Veenendaal",in_gebruik,In gebruik,Parallelweg 66,,,3903 BD,Veenendaal,Veenendaal,Utrecht,Utrecht,True,False,True,Ja,,Geen,,Begraafplaats,1890,1890,,True,,920,920,ingang,binnen_naamvariant,Joods veenendaal,922,5.5543408,52.0135508
jb-loc-1856,loc,1856,Joodse Begraafplaats,"Joodse begraafplaats, Vianen",in_gebruik,In gebruik,Sparrendreef 12,bij,bij,4132 XX,Vianen,Vijfheerenlanden,Utrecht,Utrecht,False,False,False,Nee,,Geen,,,1829,1829,,False,35 zerken,830,830,ingang,binnen_naam_gelijk,"Joodse begraafplaats, Vianen",833,5.0873032,51.9863641
jb-ver-294,ver,294,Joodse begraafplaats Walsland,"Joodse begraafplaats Walsland, Vianen",verdwenen,Verdwenen,Walsland 94,bij,bij,4132 BN,Vianen,Vijfheerenlanden,Utrecht,Utrecht,,,,,,,,,1807,1807,,,"1807-1820, nu overbouwd",,,bij_benadering,niet_van_toepassing,,,5.0953769,51.9932156
jb-ver-293,ver,293,Oude Joodse begraafplaats,"Oude Joodse begraafplaats, Vianen",verdwenen,Verdwenen,Zomerdijk,,,,Vianen,Vijfheerenlanden,Utrecht,Utrecht,,,,,,,,,1720,1720,,,1720-1810,,,bij_benadering,niet_van_toepassing,,,5.096026,51.9966968
jb-loc-167,loc,167,Joodse Begraafplaats,"Joodse begraafplaats, Wijk bij Duurstede",in_gebruik,In gebruik,Steenstraat 6,bij,bij,3961 CE,Wijk bij Duurstede,Wijk bij Duurstede,Utrecht,Utrecht,False,False,True,Ja,,Geen,,,1828,1828,,False,15 zerken,575,575,ingang,binnen_naam_gelijk,"Joodse begraafplaats, Wijk bij Duurstede",579,5.3433507,51.9756898
jb-ver-753,ver,753,Joodse begraafplaats,"Eerste joodse begraafplaats, Wijk bij Duurstede",verdwenen,Verdwenen,Lekdijk Oost 3,bij,bij,3961 MB,Wijk bij Duurstede,Wijk bij Duurstede,Utrecht,Utrecht,,,,,,,,,1734,1734,ja,,Exacte locatie niet duidelijk….,,,bij_benadering,niet_van_toepassing,,,5.3475609,51.9698338
jb-loc-819,loc,819,Oude Joodse Begraafplaats,"Oude Joodse begraafplaats, Wijk bij Duurstede",in_gebruik,In gebruik,Langs de Wal 1,bij,bij,3961 AB,Wijk bij Duurstede,Wijk bij Duurstede,Utrecht,Utrecht,False,False,False,Nee,,Geen,,,1817,1817,,False,2 zerken,245,245,ingang,binnen_naam_gelijk,"Oude Joodse begraafplaats, Wijk bij Duurstede",248,5.3428905,51.9709228
jb-loc-1838,loc,1838,Joodse Begraafplaats,"Joodse begraafplaats, Woerden",in_gebruik,In gebruik,Westdam 1,,,3441 GA,Woerden,Woerden,Utrecht,Utrecht,True,False,True,Ja,,Geen,,Begraafplaats,1856,1856,,True,22 zerken (ook uit Gouda),370,370,ingang,binnen_naam_gelijk,"Joodse begraafplaats, Woerden",370,4.8813828,52.0885976
jb-loc-238,loc,238,Joodse Begraafplaats op Algemene Begraafplaats,"Joodse begraafplaats, Goes",in_gebruik,In gebruik,Geldeloozepad 32,,,4461 BL,Goes,Goes,Zeeland,Zeeland,False,False,False,Nee,,Geen,,,1835,1835,,True,"Enkele tientallen zerken, wordt nog steeds gebruikt",670,670,ingang,binnen_naam_gelijk,"Joodse begraafplaats, Goes",1057,3.8894865,51.5099334
jb-loc-21,loc,21,Joodse Begraafplaats (Hoogduits),"Hoogduitse begraafplaats, Middelburg",in_gebruik,In gebruik,Walensingel/Seisplein 5,,,4331 NN,Middelburg,Middelburg,Zeeland,Zeeland,False,True,False,Nee,29477,29477,https://monumentenregister.cultureelerfgoed.nl/monumenten/29477,Metaarhuisje en begraafplaats,1705,1705,,True,300 zerken,3024,3024,ingang,binnen_naamvariant,"Hoogduitse Joodse begraafplaats, Middelburg",3036,3.6053802,51.4998509
jb-loc-17,loc,17,Portugees-Joodse Begraafplaats,"Portugees Joodse begraafplaats, Middelburg",in_gebruik,In gebruik,Jodengang 17,bij,bij,4334 CL,Middelburg,Middelburg,Zeeland,Zeeland,False,True,False,Nee,29015,29015,https://monumentenregister.cultureelerfgoed.nl/monumenten/29015,Begraafplaats,1655,1655,,False,"1655-1721, 93 zerken",285,285,ingang,binnen_naam_gelijk,"Portugees-Joodse begraafplaats, Middelburg",290,3.6037578,51.5006557
jb-loc-9,loc,9,Joodse Begraafplaats bij de Leeuwentrap,"Joodse begraafplaats bij de Leeuwentrap, Vlissingen",in_gebruik,In gebruik,Julianalaan 13,tegenover,tegenover,4382 AT,Vlissingen,Vlissingen,Zeeland,Zeeland,True,False,False,Nee,,Geen,,,1867,1867,,False,"1866-1907, 24 zerken. In 2010 is er weer begraven.",350,350,ingang,handmatig,"Oude joodse begraafplaats, Vlissingen",694,3.5635737,51.4507389
jb-loc-908,loc,908,Joodse Begraafplaats op Begraafplaats Vredehof (gemeentewerf),"Joodse begraafplaats, Vlissingen",in_gebruik,In gebruik,Vredehoflaan 950,bij,bij,4383 AZ,Vlissingen,Vlissingen,Zeeland,Zeeland,True,False,False,Nee,,Geen,,,1907,1907,,True,"1907-1970, 26 zerken. Sinds 2004 weer in gebruik",865,865,ingang,binnen_naamvariant,"Nieuwe Joodse begraafplaats, Vlissingen",694,3.5598773,51.4555476
jb-loc-901,loc,901,Joodse Begraafplaats,"Joodse begraafplaats, Zierikzee",in_gebruik,In gebruik,Rollandthof,,,4301 KJ,Zierikzee,Schouwen-Duiveland,Zeeland,Zeeland,False,False,False,Nee,,Geen,,,1799,1799,,False,21 zerken,973,973,ingang,binnen_naam_gelijk,"Joodse begraafplaats, Zierikzee",907,3.9277404,51.6493411
jb-loc-3888,loc,3888,Joodse Begraafplaats Scheveningen (gemengd),"Joodse begraafplaats, Den Haag",in_gebruik,In gebruik,Scheveningseweg 21a,,,2517 KS,'s-Gravenhage,Den Haag,Zuid-Holland,Zuid-Holland,False,True,False,Nee,18067,18067,https://monumentenregister.cultureelerfgoed.nl/monumenten/18067,Begraafplaats,1694,1694,,True,"ca 3000 zerken, 10.000 graven sleutel bij receptie NIB Capital, Carnegieplein 4",22380,22380,ingang,binnen_naam_gelijk,"Joodse begraafplaats, Den Haag",22465,4.2962457,52.0893669
jb-ger-68,ger,68,Joodse Begraafplaats,"Joodse begraafplaats, Alphen aan den Rijn (geruimd)",geruimd,Geruimd,Aarkade 63,,,2406 BW,Alphen aan den Rijn,Alphen aan den Rijn,Zuid-Holland,Zuid-Holland,False,False,False,Nee,,Geen,,,1802,1802,,True,"1802-1964, metaheerhuisje nog aanwezig",1970,1970,ingang,binnen_naam_gelijk,"Joodse begraafplaats, Alphen aan den Rijn (geruimd)",1981,4.6676485,52.1307418
jb-loc-1559,loc,1559,Joodse Begraafplaats,"Joodse begraafplaats, Delft",in_gebruik,In gebruik,Geertruyt van Oostenstraat 53,bij,bij,2612 RP,Delft,Delft,Zuid-Holland,Zuid-Holland,False,False,False,Nee,,Geen,,,1800,1800,,False,"1800-1940, 25 zerken",780,780,ingang,binnen_naam_gelijk,"Joodse begraafplaats, Delft",781,4.3712585,52.013506
jb-loc-1935,loc,1935,Joodse Begraafplaats,"Joodse begraafplaats, Dirksland",in_gebruik,In gebruik,Oost Havendijk 8a,bij,bij,3247 LD,Dirksland,Goeree-Overflakkee,Zuid-Holland,Zuid-Holland,False,False,False,Nee,,Geen,,,1847,1847,,False,9 zerken,540,540,ingang,binnen_naam_gelijk,"Joodse begraafplaats, Dirksland",540,4.1048355,51.7510438
jb-loc-1912,loc,1912,Joodse Begraafplaats,"Joodse begraafplaats, Dordrecht",in_gebruik,In gebruik,Nieuweweg 2,bij,bij,3314 JS,Dordrecht,Dordrecht,Zuid-Holland,Zuid-Holland,True,True,False,Nee,522272,522272,https://monumentenregister.cultureelerfgoed.nl/monumenten/522272,Begraafplaats,1871,1871,,True,ca 375 zerken,2100,2100,ingang,binnen_naam_gelijk,"Joodse begraafplaats, Dordrecht",2108,4.6779896,51.8012888
jb-ver-182,ver,182,Oude Joodse begraafplaats,"Joodse begraafplaats, Dordrecht",verdwenen,Verdwenen,Hoogt 12,bij,bij,3311 WK,Dordrecht,Dordrecht,Zuid-Holland,Zuid-Holland,,,,,,,,,1738,1738,,,In 1871 gesloten. In 1958 geruimd. Overgebracht naar Strijen (maar ook nieuwe begraafplaats en Rotterdam?),,,bij_benadering,niet_van_toepassing,,,4.6562949,51.8111724
jb-loc-1714,loc,1714,Joodse Begraafplaats van Voorne Putten,"Joodse begraafplaats, Geervliet",in_gebruik,In gebruik,Spuikade 2,tegenover,tegenover,3211 BG,Geervliet,Nissewaard,Zuid-Holland,Zuid-Holland,False,True,False,Nee,9377,9377,https://monumentenregister.cultureelerfgoed.nl/monumenten/9377,Begraafplaats,1781,1781,,False,"1781-1940, 85 stèles",1345,1345,ingang,binnen_naam_gelijk,"Joodse begraafplaats, Geervliet",1352,4.2552275,51.8602692
jb-loc-1913,loc,1913,Joodse Begraafplaats,"Joodse begraafplaats, Goedereede",in_gebruik,In gebruik,Mariadijk 2,bij,bij,3252 BB,Goedereede,Goeree-Overflakkee,Zuid-Holland,Zuid-Holland,False,False,False,Nee,,Geen,,,1812,1812,,False,"1812-1900, geen stenen",255,255,ingang,binnen_naam_gelijk,"Joodse begraafplaats, Goedereede",257,3.9723936,51.8159909
jb-loc-1844,loc,1844,Joodse Begraafplaats,"Joodse begraafplaats, Gorinchem",in_gebruik,In gebruik,Willem de Vries Robbéweg 10,,,4206 AL,Gorinchem,Gorinchem,Zuid-Holland,Zuid-Holland,False,True,False,Nee,525108,525108,https://monumentenregister.cultureelerfgoed.nl/monumenten/525108,"Begraafplaats, aula en hek",1814,1814,,True,134 zerken,1215,1215,ingang,binnen_naam_gelijk,"Joodse begraafplaats, Gorinchem",1219,4.9786068,51.8366192
jb-ver-280,ver,280,Joodse Begraafplaats,"Joodse begraafplaats, Gouda",verdwenen,Verdwenen,Bloemendaalse Weg 89,bij,bij,2803 AW,Gouda,Gouda,Zuid-Holland,Zuid-Holland,,,,,,,,,1930,1930,,,In 1976 ivm hoge waterstand geruimd en overgebracht naar Wageningen,,,bij_benadering,niet_van_toepassing,,,4.7066487,52.0236997
jb-ver-281,ver,281,Oude Joodse Begraafplaats,"Oude joodse begraafplaats, Gouda",verdwenen,Verdwenen,Boelekade 3,bij,bij,2801 PD,Gouda,Gouda,Zuid-Holland,Zuid-Holland,,,,,,,,,1815,1815,,,In 1976 ivm hoge waterstand geruimd en overgebracht naar Wageningen,,,bij_benadering,niet_van_toepassing,,,4.7100026,52.0161317
jb-loc-4189,loc,4189,Joodse Begraafplaats,"Joodse begraafplaats, Katwijk aan den Rijn",in_gebruik,In gebruik,Rijnstraat 151,,,2223 EA,Katwijk,Katwijk,Zuid-Holland,Zuid-Holland,False,True,False,Nee,23527,23527,https://monumentenregister.cultureelerfgoed.nl/monumenten/23527,Begraafplaats,1758,1758,,True,"ca 450 zerken, met name voor Leiden",3375,3375,ingang,binnen_naam_gelijk,"Joodse begraafplaats, Katwijk aan den Rijn",3386,4.4217855,52.1981616
jb-ver-107,ver,107,Joodse armenbegraafplaats,"Joodse armenbegraafplaats, Leiden",verdwenen,Verdwenen,bij molen De Valk,,,2312 CK,Leiden,Leiden,Zuid-Holland,Zuid-Holland,,,,,,,,,1869,1869,,,in 1961 geruimd,,,bij_benadering,niet_van_toepassing,,,4.4877338,52.1642324
jb-ver-105,ver,105,Oude Joodse Begraafplaats,"Oude joodse begraafplaats, Leiden",verdwenen,Verdwenen,Blauwe bolwerk,,,2300 AA,Leiden,Leiden,Zuid-Holland,Zuid-Holland,,,,,,,,,1719,1719,,,"na 1758 geruimd, overgebracht naar Katwijk. Nu Sterrenwacht",,,bij_benadering,niet_van_toepassing,,,4.4838529,52.154936
jb-loc-3452,loc,3452,Joodse Begraafplaats,"Joodse begraafplaats, Lekkerkerk",in_gebruik,In gebruik,Kerkweg 149,bij,bij,2941 BJ,Lekkerkerk,Krimpenerwaard,Zuid-Holland,Zuid-Holland,False,False,True,Ja,,Geen,,Begraafplaats,1866,1866,,False,6 zerken,150,150,ingang,binnen_naam_gelijk,"Joodse begraafplaats, Lekkerkerk",154,4.6837425,51.9026238
jb-loc-4140,loc,4140,Joodse Begraafplaats op Algemene Begraafplaats,"Joodse begraafplaats, Maassluis",in_gebruik,In gebruik,Willem de Zwijgerstraat 36,,,3143 LR,Maassluis,Maassluis,Zuid-Holland,Zuid-Holland,False,False,False,Nee,,Geen,,,1950,1950,,False,"23 zerken, in 1950 overgebracht van oude begraafplaats",200,200,ingang,binnen_naam_gelijk,"Joodse begraafplaats, Maassluis",198,4.2566003,51.9158603
jb-ver-425,ver,425,Joodse begraafplaats,"Joodse begraafplats, Maassluis",verdwenen,Verdwenen,Mackayplein 40,bij,bij,3144 CK,Maassluis,Maassluis,Zuid-Holland,Zuid-Holland,,,,,,,,,,onbekend,,,"In 1950 geruimd, overgebracht naar gemeentelijke begraafplaats",,,bij_benadering,niet_van_toepassing,,,4.2488789,51.922245
jb-loc-1944,loc,1944,Joodse Begraafplaats,"Joodse begraafplaats, Middelharnis",in_gebruik,In gebruik,Hoflaan,,,3241 AC,Middelharnis,Goeree-Overflakkee,Zuid-Holland,Zuid-Holland,False,False,False,Nee,,Geen,,,1865,1865,,False,56 zerken,585,585,ingang,binnen_naam_gelijk,"Joodse begraafplaats, Middelharnis",586,4.1619082,51.7582398
jb-loc-1660,loc,1660,Joodse Begraafplaats,"Joodse begraafplaats, Naaldwijk",in_gebruik,In gebruik,Opstalweg 20,bij,bij,2671 LX,Naaldwijk,Westland,Zuid-Holland,Zuid-Holland,False,False,True,Ja,,Geen,,Begraafplaats,1793,1793,,False,31 zerken,1100,1100,ingang,binnen_naam_gelijk,"Joodse begraafplaats, Naaldwijk",1103,4.1946378,51.9952574
jb-loc-1397,loc,1397,Joodse Begraafplaats,"Joodse begraafplaats, Oud Beijerland",in_gebruik,In gebruik,Prinses Irenestraat,,,3261 AP,Oud Beijerland,Hoeksche Waard,Zuid-Holland,Zuid-Holland,False,False,True,Ja,,Geen,,Begraafplaats,1790,1790,,False,"1790-1948, 65 zerken",1430,1430,ingang,binnen_naam_gelijk,"Joodse begraafplaats, Oud Beijerland",1432,4.420426,51.8231068
jb-loc-874,loc,874,Joods deel op Oud-Rijswijk,"Joods deel begraafplaats Oud-Rijswijk, Rijswijk",in_gebruik,In gebruik,Winston Churchilllaan 233,,,2282 JS,Rijswijk,Rijswijk,Zuid-Holland,Zuid-Holland,False,False,False,Nee,,Geen,,,1937,1937,,False,,110,110,ingang,binnen_naamvariant,"Joods deel op Oud Rijswijk, Rijswijk",112,4.3377479,52.0469267
jb-loc-243,loc,243,Liberaal Joodse Begraafplaats Beth Hachaim,"Liberaal Joodse begraafplaats, Rijswijk",in_gebruik,In gebruik,Eikelenburglaan 7,,,2286 KA,Rijswijk,Rijswijk,Zuid-Holland,Zuid-Holland,False,False,False,Nee,,Geen,,,1990,1990,,False,,580,580,ingang,binnen_naam_gelijk,"Liberaal Joodse begraafplaats, Rijswijk",587,4.3094074,52.0209155
jb-loc-4200,loc,4200,Begraafplaats Toepad,"Joodse begraafplaats Toepad, Rotterdam",in_gebruik,In gebruik,Toepad 65,,,3063 NJ,Rotterdam,Rotterdam,Zuid-Holland,Zuid-Holland,False,True,False,Nee,32923,32923,https://monumentenregister.cultureelerfgoed.nl/monumenten/32923,Begraafplaats,1895,1895,,True,,27900,27900,ingang,binnen_naamvariant,"Joodse begraafplaats Het Toepad, Rotterdam",28026,4.5330266,51.9100747
jb-loc-3618,loc,3618,Joodse Begraafplaats Delfshaven,"Joodse begraafplaats Delfshaven, Rotterdam",in_gebruik,In gebruik,Kerkepad 13,,,3024 CJ,Rotterdam,Rotterdam,Zuid-Holland,Zuid-Holland,False,False,False,Nee,,Geen,,,1865,1865,,False,"1865-1898, maakte deel uit van begraafplaats Schoonderlo, geruimd 1923",200,200,ingang,binnen_naam_gelijk,"Joodse begraafplaats Delfshaven, Rotterdam",197,4.4573557,51.9059871
jb-loc-1478,loc,1478,Joodse Begraafplaats Oostzeedijk (gemengd),"Joodse begraafplaats Oostzeedijk, Rotterdam",in_gebruik,In gebruik,Oostzeedijk 276,,,3063 CA,Rotterdam,Rotterdam,Zuid-Holland,Zuid-Holland,False,False,True,Ja,,Geen,,Begraafplaats,1696,1696,,False,"1696-1833, 195 zerken",900,900,ingang,binnen_naam_gelijk,"Joodse begraafplaats Oostzeedijk, Rotterdam",913,4.503172,51.9220034
jb-ver-361,ver,361,Joodse begraafplaats Dijkstraat,"Joodse begraafplaats, Rotterdam",verdwenen,Verdwenen,Eikenpage 43,bij,bij,3061 WS,Rotterdam,Rotterdam,Zuid-Holland,Zuid-Holland,,,False,Geen,,geen,,,1737,1737,,,"-1940, overgebracht naar Toepad",,,bij_benadering,niet_van_toepassing,,,4.5051566,51.9246427
jb-ver-471,ver,471,Portugees Israëlitische Begraafplaats Crooswijk (1696–1807),"Portugees-Joodse begraafplaats Crooswijk, Rotterdam",verdwenen,Verdwenen,Nieuwe Crooswijkseweg 123,bij,bij,3034 PN,Rotterdam,Rotterdam,Zuid-Holland,Zuid-Holland,,,,,,,,,1696,1696,,,-1807. Later RK begraafplaats Crooswijk,,,bij_benadering,niet_van_toepassing,,,4.4957784,51.9344202
jb-ver-872,ver,872,Portugees Israëlitische Begraafplaats Crooswijk (vanaf 1877),"Portugees-Israelitische begraafplaats, Rotterdam",verdwenen,Verdwenen,Kerkhoflaan 5,bij,bij,3034 TA,Rotterdam,Rotterdam,Zuid-Holland,Zuid-Holland,,,False,Geen,,geen,,,1877,1877,,,Eind 19de eeuw verdwenen,,,bij_benadering,niet_van_toepassing,,,4.4920406,51.9375314
jb-loc-3439,loc,3439,Portugees-Joodse Begraafplaats,"Portugees-Joodse Begraafplaats, Rotterdam",in_gebruik,In gebruik,Jan van Loonslaan,,,3031 PK,Rotterdam,Rotterdam,Zuid-Holland,Zuid-Holland,False,False,False,Nee,,Geen,,,1613,1613,,False,Sefardisch (vooral)/1613-1700,770,770,ingang,binnen_naam_gelijk,"Portugees-Joodse Begraafplaats, Rotterdam",774,4.4882648,51.9252501
jb-ver-177,ver,177,Joodse Begraafplaats,"Joodse begraafplaats, Schiedam",verdwenen,Verdwenen,Emmaplein,,,3112 DC,Schiedam,Schiedam,Zuid-Holland,Zuid-Holland,,,,,,,,,1787,1787,,,"Bij de Burcht van Mathenesse, geruimd 1962, overgebracht naar Toepad in Rotterdam",,,bij_benadering,niet_van_toepassing,,,4.4034728,51.9172856
jb-ger-64,ger,64,Nieuwe Joodse begraafplaats,"Joodse begraafplaats, Schiedam (geruimd)",geruimd,Geruimd,Poldervaartpad (Beukenhof?),,,3118 GR,Schiedam,Schiedam,Zuid-Holland,Zuid-Holland,False,False,False,Nee,,Geen,,,1930,1930,,False,Na WO II geruimd,,?,ingang,binnen_naamvariant,"Nieuwe Joodse begraafplaats, Schiedam (geruimd)",693,4.3765687,51.9143058
jb-loc-4116,loc,4116,Joodse Begraafplaats,"Joodse begraafplaats, Schoonhoven",in_gebruik,In gebruik,Nes 15,,,2871 BD,Schoonhoven,Krimpenerwaard,Zuid-Holland,Zuid-Holland,False,False,False,Nee,,Geen,,,1767,1767,,False,"1767-1956, 48 zerken (2002: opgeknapt)",510,510,ingang,binnen_naam_gelijk,"Joodse begraafplaats, Schoonhoven",514,4.8545549,51.9455663
jb-loc-1945,loc,1945,Joodse Begraafplaats,"Joodse begraafplaats, Strijen",in_gebruik,In gebruik,Oud Bonaventurasedijk 46,bij,bij,3291 CL,Strijen,Hoeksche Waard,Zuid-Holland,Zuid-Holland,False,False,False,Nee,,Geen,,,1896,1896,,True,"Gebruikt tot 1969, 23 stèles. Verzamelgraf Dordrecht oude begraafplaats",300,300,ingang,binnen_naam_gelijk,"Joodse begraafplaats, Strijen",235,4.5570454,51.7468811
jb-loc-1405,loc,1405,Joodse Begraafplaats,"Joodse begraafplaats, Vlaardingen",in_gebruik,In gebruik,Schiedamseweg/Parkweg,,,3134 BA,Vlaardingen,Vlaardingen,Zuid-Holland,Zuid-Holland,False,False,True,Ja,,Geen,,Begraafplaats,1862,1862,,False,"1 zerk, gebruikt tot 1900, 43 doden.",260,260,ingang,binnen_naam_gelijk,"Joodse begraafplaats, Vlaardingen",261,4.358868,51.909663
jb-loc-1343,loc,1343,Joodse Begraafplaats,"Joodse begraafplaats, Wassenaar",in_gebruik,In gebruik,Het Kerkehout 4a,,,2245 XR,Wassenaar,Wassenaar,Zuid-Holland,Zuid-Holland,False,True,False,Nee,524542,524542,https://monumentenregister.cultureelerfgoed.nl/complexen/524542,Aanleg en metaarhuisje,1906,1906,,True,,20840,20840,ingang,binnen_naam_gelijk,"Joodse begraafplaats, Wassenaar",20919,4.370881,52.1111777
jb-loc-1713,loc,1713,Joodse Begraafplaats,"Joodse begraafplaats, Zuidland",in_gebruik,In gebruik,Kerkweg 38a,,,3214 VE,Zuidland,Nissewaard,Zuid-Holland,Zuid-Holland,False,False,True,Ja,,Geen,,Begraafplaats,1888,1888,,False,5 zerken,84,84,ingang,binnen_naam_gelijk,"Joodse begraafplaats, Zuidland",84,4.253308,51.8209924
